Name, Price, Quantity, ProductID
Cheetos,2.0,1638399,chips1
Coke,2.0,1638399,drink1
Coke Zero,2.0,1638399,drink2
Doritos,1.25,1638400,chips3
Fancy Lad Snack Cakes ,2.0,1638400,candy2
Fritos,2.0,1638399,chips2
Gum Dropst,1.0,1638400,gum4
Kit Kats,1.0,1638400,candy4
Nuka-Cola Dark,1.5,1638398,drink4
Nuka-Cola Quantum,3.5,1638400,drink3
Orbit,1.0,1638400,gum3
Orbit,1.0,1638400,gum1
Orbit,1.0,1638399,gum2
Peanut Butter Cups,1.0,1638400,candy1
Potato Crisps,1.0,1638399,chips4
Sugar Bombs,4.0,1638399,candy3
Steak ,3.0,0,steak1
